"_id","Type","Date_de_Cr√©ation"
"615d8f078285f9631bc2db05","expert","2021-10-06T11:56:55.6220000"
"615e0a3c8285f9631bc2dc18","expert","2021-10-06T20:42:36.4870000"
"61600e068285f9631bc2dd69","expert","2021-10-08T09:23:18.7860000"
"616446ae8285f9631bc2df91","company","2021-10-11T14:14:06.5700000"
"6166ade0772fd30831cfebf5","expert","2021-10-13T09:58:56.9180000"
"618e29d73b46e1617ab35fbf","expert","2021-11-12T08:46:15.4990000"
"6192537c3503294815229c98","expert","2021-11-15T12:33:00.5160000"
"61931dab3503294815229d22","expert","2021-11-16T02:55:39.0850000"
"619e5d7a350329481522a4da","expert","2021-11-24T15:42:50.3690000"
"619f4fcf350329481522a534","expert","2021-11-25T08:56:47.8820000"
"61a4c9712314dc0c6f4acfd2","company","2021-11-29T12:37:05.0309998"
"61a640c72314dc0c6f4ad1e2","company","2021-11-30T15:18:31.5070000"
"61bcf8bb2314dc0c6f4ae32a","expert","2021-12-17T20:53:15.0570000"
"61c30102c9f6ca32ad4fe078","expert","2021-12-22T10:42:10.3940000"
"61cdb977ca71a24b561b7afd","expert","2021-12-30T13:51:51.0440000"
"61df1cc6f18aaa130b6cd002","expert","2022-01-12T18:24:06.9560000"
"61e6e1b841979a0867313dc6","expert","2022-01-18T15:50:16.9580000"
"61e7f05141979a0867313e73","expert","2022-01-19T11:04:49.7679998"
"6201346c95e32c4827f9b9e0","expert","2022-02-07T15:02:04.0260000"
"6202bcff95e32c4827f9bb49","expert","2022-02-08T18:57:03.9350000"
"621e1ed0240f4e2730b149dc","expert","2022-03-01T13:25:36.1060000"
"621f3fa0240f4e2730b14aff","expert","2022-03-02T09:57:52.9740000"
"622320e3316ade097cd53ad2","expert","2022-03-05T08:35:47.3599998"
"6241d186c60bd00898a38455","expert","2022-03-28T15:17:26.6670000"
"624a8c8cc60bd00898a38d5f","expert","2022-04-04T06:13:32.8410000"
"62593b54a6a5e0544be60cab","expert","2022-04-15T09:31:00.9150000"
"6262e05814c13d7d18f89ff2","company","2022-04-22T17:05:28.9380000"
"627b8c50f655943d90a6369b","expert","2022-05-11T10:13:36.1910000"
"6293ec571fbb047964271bf7","company","29/05/2022 21:57:43"
"62a6f7d3d57a952ac7f6dd76","company","2022-06-13T08:39:47.9250000"
"62ada99a1af84f2e05cd47b3","company","2022-06-18T10:31:54.8340002"
"62b5694ab92b4e1a8ec36631","expert","2022-06-24T07:35:38.1030000"
"62cbf526c43a1c07852b6ee9","expert","2022-07-11T10:02:14.7470000"
"62d9081ef5e6794d89e1dcc3","expert","2022-07-21T08:02:38.6440000"
"62d90833f5e6794d89e1dcc5","company","2022-07-21T08:02:59.3230000"
"631bad8e54f3b47232b1fb29","expert","2022-09-09T21:18:06.3330000"
"6321504717c00b0d682ddee6","expert","2022-09-14T03:53:43.3790000"
"6329beae22d1f03a8a691cb2","expert","2022-09-20T13:22:54.5500000"
"633af0bb1f9a8817f3781e59","expert","2022-10-03T14:24:59.0330000"
"635674550fd435728656c82b","expert","2022-10-24T11:17:41.2370000"
"6357f365623eed76be045a05","expert","2022-10-25T14:32:05.7240000"
"636eeee5231df95a4ccc054f","expert","2022-11-12T00:55:01.6640000"
"6389a8a5d10d072727c11b5b","expert","2022-12-02T07:26:29.5000000"
"63909b7366eff2145f4f2ef6","expert","2022-12-07T13:56:03.9430000"
"63a6db7e783ece5a08669223","expert","2022-12-24T10:59:10.6910000"
"63aecca9783ece5a08669aed","expert","2022-12-30T11:34:01.9780000"
"63bed7ace4ad45260849962f","expert","2023-01-11T15:37:16.2830000"
"63d0fc823d805d489fa396c7","expert","2023-01-25T09:55:14.4130002"
"63d19d2588160d0bd8626391","company","2023-01-25T21:20:37.1640000"
"63da77d0becf325848a4a19b","expert","2023-02-01T14:31:44.3960000"
"63dd27929db7350d41863dc2","expert","2023-02-03T15:26:10.3650000"
"63e26eb00836560f18738699","expert","2023-02-07T15:30:56.9550000"
"63edfe2fc21e125db591ce6f","company","2023-02-16T09:58:07.2950000"
"63edfe47c21e125db591ce70","expert","2023-02-16T09:58:31.9380000"
"63f3e845be74f3780363bdd4","company","2023-02-20T21:38:13.8840000"
"63f3e854be74f3780363bdd5","company","2023-02-20T21:38:28.2560000"
"63f4f81a3679985c6148ab4c","expert","2023-02-21T16:58:02.6010000"
"63f5f56aeae8bb0eff624f28","expert","2023-02-22T10:58:50.0210000"
"63f631b97eeabc22ed2a0c15","expert","2023-02-22T15:16:09.9420000"
"63f655857eeabc22ed2a0c68","expert","2023-02-22T17:48:53.3760000"
"64022d6ead121b1000e288bf","expert","2023-03-03T17:25:02.8530000"
"64106c6f0b432e1b36aca096","expert","2023-03-14T12:45:35.8780000"
"6414157d43068357ef842748","expert","2023-03-17T07:23:41.1250000"
"642e8e0a9f46956268c34a43","company","2023-04-06T09:16:58.6240000"
"6437037e8d41ed32e877051c","expert","2023-04-12T19:16:14.3870000"
"643703888d41ed32e877051d","company","2023-04-12T19:16:24.1640000"
"6454c30a8eb450085c332a70","expert","2023-05-05T08:49:14.3090000"
"645933e28eb450085c33305d","expert","2023-05-08T17:39:46.4250000"
"646b6e1e7818b449e7ace46d","expert","2023-05-22T13:29:02.9400000"
"646b6e547818b449e7ace46e","company","2023-05-22T13:29:56.5650000"
"6470bbfe822ca22d226b68b7","expert","2023-05-26T14:02:38.2670000"
"64917347be132659d9fe2249","expert","2023-06-20T09:37:11.4680000"
"64917390be132659d9fe224d","company","2023-06-20T09:38:24.6700000"
"6491d24cbe132659d9fe2395","expert","2023-06-20T16:22:36.5660000"
"649e8180e0843b7be97f4cc0","expert","2023-06-30T07:17:20.4940000"
"64a9495a0c73164841e4c8db","company","2023-07-08T11:32:42.2790000"
"65008544f95a870ce72f8720","expert","2023-09-12T15:35:32.8740000"
"6500856af95a870ce72f8721","company","2023-09-12T15:36:10.4350000"
"65046b3cf95a870ce72f948b","company","2023-09-15T14:33:32.5500000"
"65046b45f95a870ce72f948c","expert","2023-09-15T14:33:41.4040000"
"65046dfcf95a870ce72f94a1","expert","2023-09-15T14:45:16.6220000"
"650811d4f95a870ce72f9a54","expert","2023-09-18T09:01:08.2060000"
"65109c12fe291c3794b1efdb","expert","2023-09-24T20:29:06.2290000"
